thisN,thisTrialN,thisRepN,key_resp_1.keys,key_resp_1.rt,key_resp_1.duration,regret_key.keys,regret_key.rt,regret_key.duration,trials.thisRepN,trials.thisTrialN,trials.thisN,trials.thisIndex,thisRow.t,notes,begin_exp.started,begin.started,advance_key.started,begin_exp.stopped,advance_key.keys,advance_key.rt,advance_key.duration,Fixation.started,fixcross.started,etRecord.started,Fixation.stopped,trial_num,participant_cond,prob_left,prob_up,prob_right,Choice.started,tree1_img.started,tree2_img.started,tree3_img.started,key_resp_1.started,Choice.stopped,trials.key_resp_1.keys,trials.key_resp_1.rt,trials.key_resp_1.duration,choice_key,choice_rt,choice_prob,points,Feedback.started,appleImage.started,tree1.started,tree2.started,tree3.started,Feedback.stopped,RegretRating.started,regret_scale.started,regret_key.started,rtree1.started,rtree2.started,rtree3.started,RegretRating.stopped,trials.regret_key.keys,trials.regret_key.rt,trials.regret_key.duration,regret_rating,regret_rt,ITI.started,blank_screen.started,blank_screen.stopped,ITI.stopped,fixcross.stopped,appleImage.stopped,tree1.stopped,tree2.stopped,tree3.stopped,avg_regret,EndScreen.started,end_display.started,participant,session,date,expName,expVersion,psychopyVersion,frameRate,participant_cond,prob_left,prob_up,prob_right,expStart,
,,,,,,,,,,,,,,,0.006221374962478876,0.012858666945248842,0.012858666945248842,2.4276044173166156,space,2.383225250057876,None,,,,,,1,0.2,0.5,0.7,,,,,,,,,,,,,,,,,,,,,,,,,,,,,,,,,,,,,,,,,,,,33907,001,2025-12-01_14h21.23.211,regret_experiment,,2025.1.1,74.05000790453217,1,0.2,0.5,0.7,2025-12-01 14h21.30.105028 -0800,
0,0,0,right,3.534233750309795,None,1,2.0608879579231143,None,0,0,0,0,2.949056874960661,,,,,,,,,2.428600042127073,2.949056874960661,0.0009855418466031551,3.4348311671055853,1,1,0.2,0.5,0.7,3.435258542187512,3.447459583170712,3.447459583170712,3.447459583170712,3.447459583170712,6.9839539169333875,right,3.534233750309795,None,right,3.534233750309795,0.7,0,7.001504207961261,7.019351083319634,7.019351083319634,7.019351083319634,7.019351083319634,8.994373166933656,9.004083125386387,9.006846250034869,9.006846250034869,9.006846250034869,9.006846250034869,9.006846250034869,11.075452417135239,1,2.0608879579231143,None,1,2.0608879579231143,11.075557332951576,11.086514375172555,12.086720833089203,12.074467041995376,,,,,,,,,33907,001,2025-12-01_14h21.23.211,regret_experiment,,2025.1.1,74.05000790453217,1,0.2,0.5,0.7,2025-12-01 14h21.30.105028 -0800,
1,0,1,up,0.8775639999657869,None,None,,,1,0,1,0,12.086720833089203,,,,,,,,,12.074966333340853,12.086720833089203,-0.0005378331989049911,13.074504167307168,2,1,0.2,0.5,0.7,13.074870666954666,13.087322667241096,13.087322667241096,13.087322667241096,13.087322667241096,13.966524708084762,up,0.8775639999657869,None,up,0.8775639999657869,0.5,1,13.979261999949813,13.982660917099565,13.982660917099565,13.982660917099565,13.982660917099565,15.966389750130475,15.966762875206769,,,,,,15.96680691698566,None,,,NA,NA,15.966893000062555,15.98145708302036,16.981664167251438,16.966935582924634,13.087322667241096,15.98145708302036,15.98145708302036,15.98145708302036,15.98145708302036,,,,33907,001,2025-12-01_14h21.23.211,regret_experiment,,2025.1.1,74.05000790453217,1,0.2,0.5,0.7,2025-12-01 14h21.30.105028 -0800,
2,0,2,right,0.6153178331442177,None,1,1.0949086253531277,None,2,0,2,0,16.981664167251438,,,,,,,,,16.96740545798093,16.981664167251438,0.0005614170804619789,17.968770417384803,3,1,0.2,0.5,0.7,17.969186167232692,17.98017375031486,17.98017375031486,17.98017375031486,17.98017375031486,18.60838329233229,right,0.6153178331442177,None,right,0.6153178331442177,0.7,0,18.62183679221198,18.626451833173633,18.626451833173633,18.626451833173633,18.626451833173633,20.609232292044908,20.618134542368352,20.620070999953896,20.620070999953896,20.620070999953896,20.620070999953896,20.620070999953896,21.727334917057306,1,1.0949086253531277,None,1,1.0949086253531277,21.727416875306517,21.740178583189845,22.739085833076388,22.726584250107408,,,,,,,,,33907,001,2025-12-01_14h21.23.211,regret_experiment,,2025.1.1,74.05000790453217,1,0.2,0.5,0.7,2025-12-01 14h21.30.105028 -0800,
3,0,3,left,0.37678012484684587,None,1,0.7455407921224833,None,3,0,3,0,22.739085833076388,,,,,,,,,22.727080167271197,22.739085833076388,-0.00029175030067563057,23.72730337502435,4,1,0.2,0.5,0.7,23.72768258303404,23.739511042367667,23.739511042367667,23.739511042367667,23.739511042367667,24.127867333125323,left,0.37678012484684587,None,left,0.37678012484684587,0.2,0,24.140474792104214,24.14333779225126,24.14333779225126,24.14333779225126,24.14333779225126,26.129136042203754,26.13667625002563,26.13928550016135,26.13928550016135,26.13928550016135,26.13928550016135,26.13928550016135,26.886346417013556,1,0.7455407921224833,None,1,0.7455407921224833,26.886410625185817,26.900085875298828,27.901060208212584,27.88642262527719,23.739511042367667,,,,,,,,33907,001,2025-12-01_14h21.23.211,regret_experiment,,2025.1.1,74.05000790453217,1,0.2,0.5,0.7,2025-12-01 14h21.30.105028 -0800,
4,0,4,up,0.5440739584155381,None,None,,,4,0,4,0,27.901060208212584,,,,,,,,,27.886901500169188,27.901060208212584,0.0005274577997624874,28.88645958295092,5,1,0.2,0.5,0.7,28.886815042234957,28.90242616692558,28.90242616692558,28.90242616692558,28.90242616692558,29.44862208329141,up,0.5440739584155381,None,up,0.5440739584155381,0.5,1,29.46092841727659,29.46385429194197,29.46385429194197,29.46385429194197,29.46385429194197,31.460725042037666,31.461162833031267,,,,,,31.461207957938313,None,,,NA,NA,31.46127666719258,31.47374620800838,32.47410237509757,32.461556625086814,28.90242616692558,,,,,,,,33907,001,2025-12-01_14h21.23.211,regret_experiment,,2025.1.1,74.05000790453217,1,0.2,0.5,0.7,2025-12-01 14h21.30.105028 -0800,
5,0,5,up,0.3894707500003278,None,1,1.1184010826982558,None,5,0,5,0,32.47410237509757,,,,,,,,,32.46205091709271,32.47410237509757,0.0008219997398555279,33.46244095824659,6,1,0.2,0.5,0.7,33.4629598329775,33.47339475015178,33.47339475015178,33.47339475015178,33.47339475015178,33.864959792234,up,0.3894707500003278,None,up,0.3894707500003278,0.5,0,33.87909608334303,33.884426667355,33.884426667355,33.884426667355,33.884426667355,35.8757111672312,35.88339683320373,35.887822167016566,35.887822167016566,35.887822167016566,35.887822167016566,35.887822167016566,37.00842100009322,1,1.1184010826982558,None,1,1.1184010826982558,37.00852004205808,37.02219791710377,,38.00949658313766,,,,,,,,,33907,001,2025-12-01_14h21.23.211,regret_experiment,,2025.1.1,74.05000790453217,1,0.2,0.5,0.7,2025-12-01 14h21.30.105028 -0800,
6,0,6,left,0.7280578329227865,None,2,1.231229166034609,None,6,0,6,0,38.02175720827654,,,,,,,,,38.010001708287746,38.02175720827654,0.001531417015939951,39.0066995001398,7,1,0.2,0.5,0.7,39.007042250130326,39.02040737494826,39.02040737494826,39.02040737494826,39.02040737494826,39.75660875020549,left,0.7280578329227865,None,left,0.7280578329227865,0.2,0,39.7712937919423,39.77780458331108,39.77780458331108,39.77780458331108,39.77780458331108,41.768364917021245,41.77611020812765,41.77996120834723,41.77996120834723,41.77996120834723,41.77996120834723,41.77996120834723,43.02121612522751,2,1.231229166034609,None,2,1.231229166034609,43.021309417206794,43.03559037530795,,44.02171608293429,39.02040737494826,,,,,,,,33907,001,2025-12-01_14h21.23.211,regret_experiment,,2025.1.1,74.05000790453217,1,0.2,0.5,0.7,2025-12-01 14h21.30.105028 -0800,
7,0,7,right,0.5093570412136614,None,None,,,7,0,7,0,44.03357720794156,,,,,,,,,44.02232795814052,44.03357720794156,0.001069874968379736,45.02292829193175,8,1,0.2,0.5,0.7,45.02334195794538,45.03325154213235,45.03325154213235,45.03325154213235,45.03325154213235,45.54463383322582,right,0.5093570412136614,None,right,0.5093570412136614,0.7,1,45.55637791706249,45.55930062523112,45.55930062523112,45.55930062523112,45.55930062523112,47.55553391715512,47.55595420813188,,,,,,47.555997708346695,None,,,NA,NA,47.55606729211286,47.56637562531978,48.566843583248556,48.55637887492776,,,,,,,,,33907,001,2025-12-01_14h21.23.211,regret_experiment,,2025.1.1,74.05000790453217,1,0.2,0.5,0.7,2025-12-01 14h21.30.105028 -0800,
8,0,8,left,0.6608309997245669,None,1,0.6694355830550194,None,8,0,8,0,48.566843583248556,,,,,,,,,48.556882333010435,48.566843583248556,0.0008604591712355614,49.55598050029948,9,1,0.2,0.5,0.7,49.55633404199034,49.56681133294478,49.56681133294478,49.56681133294478,49.56681133294478,50.23499175021425,left,0.6608309997245669,None,left,0.6608309997245669,0.2,0,50.24862133292481,50.253322625067085,50.253322625067085,50.253322625067085,50.253322625067085,52.235519791953266,52.24149683304131,52.24592312518507,52.24592312518507,52.24592312518507,52.24592312518507,52.24592312518507,52.92971466714516,1,0.6694355830550194,None,1,0.6694355830550194,52.92981212493032,52.940534125082195,53.94041637517512,53.92712729237974,49.56681133294478,,,,,,,,33907,001,2025-12-01_14h21.23.211,regret_experiment,,2025.1.1,74.05000790453217,1,0.2,0.5,0.7,2025-12-01 14h21.30.105028 -0800,
9,0,9,up,0.408095333725214,None,None,,,9,0,9,0,53.94041637517512,,,,,,,,,53.92764562508091,53.94041637517512,0.010709166992455721,54.92931825015694,10,1,0.2,0.5,0.7,54.929766667075455,54.93950750026852,54.93950750026852,54.93950750026852,54.93950750026852,55.35464229201898,up,0.408095333725214,None,up,0.408095333725214,0.5,1,55.36649679206312,55.36998816719279,55.36998816719279,55.36998816719279,55.36998816719279,57.3538750000298,57.354055874980986,,,,,,57.35407887538895,None,,,NA,NA,57.35411404212937,57.366751042194664,58.3673287499696,58.35450925026089,54.93950750026852,57.366751042194664,57.366751042194664,57.366751042194664,57.366751042194664,,,,33907,001,2025-12-01_14h21.23.211,regret_experiment,,2025.1.1,74.05000790453217,1,0.2,0.5,0.7,2025-12-01 14h21.30.105028 -0800,
10,0,10,left,0.6998792090453207,None,None,,,10,0,10,0,58.3673287499696,,,,,,,,,58.35493050003424,58.3673287499696,0.000849124975502491,59.35575120802969,11,1,0.2,0.5,0.7,59.35615779226646,59.368462208192796,59.368462208192796,59.368462208192796,59.368462208192796,60.07719120802358,left,0.6998792090453207,None,left,0.6998792090453207,0.2,1,60.089752917177975,60.09377029212192,60.09377029212192,60.09377029212192,60.09377029212192,62.08577737538144,62.08636416727677,,,,,,62.08640224998817,None,,,NA,NA,62.086477166973054,62.10253787506372,63.10200058296323,63.08614941732958,,,,,,,,,33907,001,2025-12-01_14h21.23.211,regret_experiment,,2025.1.1,74.05000790453217,1,0.2,0.5,0.7,2025-12-01 14h21.30.105028 -0800,
11,0,11,left,0.9501482080668211,None,1,0.6951020420528948,None,11,0,11,0,63.10200058296323,,,,,,,,,63.08659054199234,63.10200058296323,0.00016137491911649704,64.08803795836866,12,1,0.2,0.5,0.7,64.08851529238746,64.09955024998635,64.09955024998635,64.09955024998635,64.09955024998635,65.0515057919547,left,0.9501482080668211,None,left,0.9501482080668211,0.2,0,65.06540445797145,65.07019741693512,65.07019741693512,65.07019741693512,65.07019741693512,67.05926783336326,67.06909112492576,67.07644050009549,67.07644050009549,67.07644050009549,67.07644050009549,67.07644050009549,67.78105112537742,1,0.6951020420528948,None,1,0.6951020420528948,67.78115237504244,67.7965528331697,,68.7822006251663,,,,,,,,,33907,001,2025-12-01_14h21.23.211,regret_experiment,,2025.1.1,74.05000790453217,1,0.2,0.5,0.7,2025-12-01 14h21.30.105028 -0800,
12,0,12,right,0.5513379578478634,None,None,,,12,0,12,0,68.7924560829997,,,,,,,,,68.78275516722351,68.7924560829997,0.0016551250591874123,69.77936745807528,13,1,0.2,0.5,0.7,69.77972108311951,69.7957972921431,69.7957972921431,69.7957972921431,69.7957972921431,70.3543462920934,right,0.5513379578478634,None,right,0.5513379578478634,0.7,1,70.36637375038117,70.37097679218277,70.37097679218277,70.37097679218277,70.37097679218277,72.35482083307579,72.35524079203606,,,,,,72.35528029222041,None,,,NA,NA,72.3553536250256,72.36646504234523,73.36872675037012,73.35313137527555,69.7957972921431,,,,,,,,33907,001,2025-12-01_14h21.23.211,regret_experiment,,2025.1.1,74.05000790453217,1,0.2,0.5,0.7,2025-12-01 14h21.30.105028 -0800,
13,0,13,up,0.9878167090937495,None,2,0.5064965416677296,None,13,0,13,0,73.36872675037012,,,,,,,,,73.35352887492627,73.36872675037012,0.013465541880577803,74.35528733301908,14,1,0.2,0.5,0.7,74.35563225019723,74.36793129192665,74.36793129192665,74.36793129192665,74.36793129192665,75.36821037530899,up,0.9878167090937495,None,up,0.9878167090937495,0.5,0,75.38246504217386,75.38748895796016,75.38748895796016,75.38748895796016,75.38748895796016,77.3694249172695,77.37729375017807,77.38014549994841,77.38014549994841,77.38014549994841,77.38014549994841,77.38014549994841,77.8887276253663,2,0.5064965416677296,None,2,0.5064965416677296,77.88882645824924,77.90059150010347,78.90311216702685,78.88708879193291,74.36793129192665,,,,,,,,33907,001,2025-12-01_14h21.23.211,regret_experiment,,2025.1.1,74.05000790453217,1,0.2,0.5,0.7,2025-12-01 14h21.30.105028 -0800,
14,0,14,up,0.3057388751767576,None,None,,,14,0,14,0,78.90311216702685,,,,,,,,,78.88753954228014,78.90311216702685,0.014370041899383068,79.88808279205114,15,1,0.2,0.5,0.7,79.88838095823303,79.90167391719297,79.90167391719297,79.90167391719297,79.90167391719297,80.20997504238039,up,0.3057388751767576,None,up,0.3057388751767576,0.5,1,80.22250295802951,80.2272609169595,80.2272609169595,80.2272609169595,80.2272609169595,82.22227908298373,82.22271437523887,,,,,,82.22274775011465,None,,,NA,NA,82.22281745821238,82.23294270830229,83.23478970816359,83.22250008303672,79.90167391719297,,,,,,,,33907,001,2025-12-01_14h21.23.211,regret_experiment,,2025.1.1,74.05000790453217,1,0.2,0.5,0.7,2025-12-01 14h21.30.105028 -0800,
15,0,15,left,0.3063349169678986,None,1,1.0659067081287503,None,15,0,15,0,83.23478970816359,,,,,,,,,83.2229418749921,83.23478970816359,0.00017037475481629372,84.22230416722596,16,1,0.2,0.5,0.7,84.22262016730383,84.23338920809329,84.23338920809329,84.23338920809329,84.23338920809329,84.54169937502593,left,0.3063349169678986,None,left,0.3063349169678986,0.2,0,84.55318479193375,84.55607458297163,84.55607458297163,84.55607458297163,84.55607458297163,86.53997025033459,86.54719404224306,86.55414216732606,86.55414216732606,86.55414216732606,86.55414216732606,86.55414216732606,87.6374621251598,1,1.0659067081287503,None,1,1.0659067081287503,87.63756004208699,87.64693791698664,88.64725037524477,88.6334040001966,84.23338920809329,86.55414216732606,86.55414216732606,86.55414216732606,86.55414216732606,,,,33907,001,2025-12-01_14h21.23.211,regret_experiment,,2025.1.1,74.05000790453217,1,0.2,0.5,0.7,2025-12-01 14h21.30.105028 -0800,
16,0,16,right,0.5804388751275837,None,1,0.9725623331032693,None,16,0,16,0,88.64725037524477,,,,,,,,,88.63388979202136,88.64725037524477,0.009787624701857567,89.6342347082682,17,1,0.2,0.5,0.7,89.6345875421539,89.6473380420357,89.6473380420357,89.6473380420357,89.6473380420357,90.23453012527898,right,0.5804388751275837,None,right,0.5804388751275837,0.7,0,90.24380512535572,90.24638183321804,90.24638183321804,90.24638183321804,90.24638183321804,92.23539041727781,92.24304745811969,92.24679166730493,92.24679166730493,92.24679166730493,92.24679166730493,92.24679166730493,93.22140116710216,1,0.9725623331032693,None,1,0.9725623331032693,93.22149933315814,93.2339191250503,94.23466266738251,94.22096329228953,89.6473380420357,,,,,,,,33907,001,2025-12-01_14h21.23.211,regret_experiment,,2025.1.1,74.05000790453217,1,0.2,0.5,0.7,2025-12-01 14h21.30.105028 -0800,
17,0,17,right,0.3384318333119154,None,1,0.3602171251550317,None,17,0,17,0,94.23466266738251,,,,,,,,,94.22140833316371,94.23466266738251,-4.075001925230026e-05,95.22252762503922,18,1,0.2,0.5,0.7,95.22296541696414,95.2331237080507,95.2331237080507,95.2331237080507,95.2331237080507,95.58093879232183,right,0.3384318333119154,None,right,0.3384318333119154,0.7,0,95.59451083326712,95.59898733301088,95.59898733301088,95.59898733301088,95.59898733301088,97.5951477503404,97.60300662508234,97.6066680829972,97.6066680829972,97.6066680829972,97.6066680829972,97.6066680829972,97.96902883332223,1,0.3602171251550317,None,1,0.3602171251550317,97.96912679215893,97.9821611251682,,98.97061170823872,,,,,,,,,33907,001,2025-12-01_14h21.23.211,regret_experiment,,2025.1.1,74.05000790453217,1,0.2,0.5,0.7,2025-12-01 14h21.30.105028 -0800,
18,0,18,left,0.28859141701832414,None,1,0.7228330839425325,None,18,0,18,0,98.97945137508214,,,,,,,,,98.97113154223189,98.97945137508214,0.0020531252957880497,99.96918133320287,19,1,0.2,0.5,0.7,99.96951308334246,99.97949262522161,99.97949262522161,99.97949262522161,99.97949262522161,100.27479870803654,left,0.28859141701832414,None,left,0.28859141701832414,0.2,0,100.28886195831001,100.29363800026476,100.29363800026476,100.29363800026476,100.29363800026476,102.27554995799437,102.28331520827487,102.28900491725653,102.28900491725653,102.28900491725653,102.28900491725653,102.28900491725653,103.02101091714576,1,0.7228330839425325,None,1,0.7228330839425325,103.02110829204321,103.034847792238,104.03349325014278,104.02059987513348,99.97949262522161,,,,,,,,33907,001,2025-12-01_14h21.23.211,regret_experiment,,2025.1.1,74.05000790453217,1,0.2,0.5,0.7,2025-12-01 14h21.30.105028 -0800,
19,0,19,up,0.2549800002016127,None,None,,,19,0,19,0,104.03349325014278,,,,,,,,,104.02109375037253,104.03349325014278,3.541586920619011e-05,105.02127325022593,20,1,0.2,0.5,0.7,105.02178058307618,105.03326004231349,105.03326004231349,105.03326004231349,105.03326004231349,105.29025045828894,up,0.2549800002016127,None,up,0.2549800002016127,0.5,1,105.3029142501764,105.30744895804673,105.30744895804673,105.30744895804673,105.30744895804673,107.30224750004709,107.30260020820424,,,,,,107.30263775028288,None,,,NA,NA,107.3027113750577,107.3125031250529,108.31299812532961,108.30258133308962,,,,,,,,,33907,001,2025-12-01_14h21.23.211,regret_experiment,,2025.1.1,74.05000790453217,1,0.2,0.5,0.7,2025-12-01 14h21.30.105028 -0800,
20,0,20,left,1.0272848340682685,None,1,0.4757334580644965,None,20,0,20,0,108.31299812532961,,,,,,,,,108.30300708301365,108.31299812532961,0.00034449994564056396,109.30118545796722,21,1,0.2,0.5,0.7,109.30150175001472,109.31315116724,109.31315116724,109.31315116724,109.31315116724,110.34333045827225,left,1.0272848340682685,None,left,1.0272848340682685,0.2,0,110.35783250024542,110.36265766713768,110.36265766713768,110.36265766713768,110.36265766713768,112.35303491726518,112.36079733306542,112.36978870816529,112.36978870816529,112.36978870816529,112.36978870816529,112.36978870816529,112.84821491735056,1,0.4757334580644965,None,1,0.4757334580644965,112.84830741724,112.86163075035438,,113.84841079218313,109.31315116724,,,,,,,,33907,001,2025-12-01_14h21.23.211,regret_experiment,,2025.1.1,74.05000790453217,1,0.2,0.5,0.7,2025-12-01 14h21.30.105028 -0800,
21,0,21,right,0.3920497908256948,None,None,,,21,0,21,0,113.85959870833904,,,,,,,,,113.84897916717455,113.85959870833904,0.0007214173674583435,114.84670845838264,22,1,0.2,0.5,0.7,114.84687883313745,114.85978133324534,114.85978133324534,114.85978133324534,114.85978133324534,115.2610032921657,right,0.3920497908256948,None,right,0.3920497908256948,0.7,1,115.27306204196066,115.27778829215094,115.27778829215094,115.27778829215094,115.27778829215094,117.27534520812333,117.27583695808426,,,,,,117.27587270829827,None,,,NA,NA,117.27594650024548,117.28623800026253,,118.27597595797852,114.85978133324534,,,,,,,,33907,001,2025-12-01_14h21.23.211,regret_experiment,,2025.1.1,74.05000790453217,1,0.2,0.5,0.7,2025-12-01 14h21.30.105028 -0800,
22,0,22,right,0.4825266250409186,None,None,,,22,0,22,0,118.28707779198885,,,,,,,,,118.27653570799157,118.28707779198885,0.0006377496756613255,119.27295995829627,23,1,0.2,0.5,0.7,119.27330116694793,119.28877054201439,119.28877054201439,119.28877054201439,119.28877054201439,119.78183904197067,right,0.4825266250409186,None,right,0.4825266250409186,0.7,1,119.79391833301634,119.79845554195344,119.79845554195344,119.79845554195344,119.79845554195344,121.79447629209608,121.79495537513867,,,,,,121.79498908296227,None,,,NA,NA,121.7950586671941,121.80793408304453,,122.79593612533063,119.28877054201439,,,,,,,,33907,001,2025-12-01_14h21.23.211,regret_experiment,,2025.1.1,74.05000790453217,1,0.2,0.5,0.7,2025-12-01 14h21.30.105028 -0800,
23,0,23,up,0.33114720787853,None,1,2.175503334030509,None,23,0,23,0,122.80835358332843,,,,,,,,,122.79656991735101,122.80835358332843,0.0015587499365210533,123.79283725004643,24,1,0.2,0.5,0.7,123.79316783323884,123.80872324993834,123.80872324993834,123.80872324993834,123.80872324993834,124.15925366710871,up,0.33114720787853,None,up,0.33114720787853,0.5,0,124.17262662528083,124.1772322920151,124.1772322920151,124.1772322920151,124.1772322920151,126.16924066701904,126.17718891706318,126.1804661671631,126.1804661671631,126.1804661671631,126.1804661671631,126.1804661671631,128.36993233300745,1,2.175503334030509,None,1,2.175503334030509,128.37003191700205,128.380091750063,129.38279837509617,129.3668472082354,123.80872324993834,,,,,,,,33907,001,2025-12-01_14h21.23.211,regret_experiment,,2025.1.1,74.05000790453217,1,0.2,0.5,0.7,2025-12-01 14h21.30.105028 -0800,
24,0,24,right,0.7761973747983575,None,None,,,24,0,24,0,129.38279837509617,,,,,,,,,129.36729350034148,129.38279837509617,0.012850167229771614,130.36868362501264,25,1,0.2,0.5,0.7,130.36912604235113,130.37927987519652,130.37927987519652,130.37927987519652,130.37927987519652,131.1568430000916,right,0.7761973747983575,None,right,0.7761973747983575,0.7,1,131.16882025031373,131.1719700419344,131.1719700419344,131.1719700419344,131.1719700419344,133.16889504203573,133.16930733295158,,,,,,133.16934129223228,None,,,NA,NA,133.16940966714174,133.1792193329893,134.1814015833661,134.166864708066,130.37927987519652,,,,,,,,33907,001,2025-12-01_14h21.23.211,regret_experiment,,2025.1.1,74.05000790453217,1,0.2,0.5,0.7,2025-12-01 14h21.30.105028 -0800,
25,0,25,right,0.42638479080051184,None,1,0.6149740838445723,None,25,0,25,0,134.1814015833661,,,,,,,,,134.1673055831343,134.1814015833661,0.012083375360816717,135.16960658319294,26,1,0.2,0.5,0.7,135.16990233305842,135.18204258335754,135.18204258335754,135.18204258335754,135.18204258335754,135.61095899995416,right,0.42638479080051184,None,right,0.42638479080051184,0.7,0,135.624861957971,135.62981016701087,135.62981016701087,135.62981016701087,135.62981016701087,137.61917650001124,137.62680175015703,137.63630341738462,137.63630341738462,137.63630341738462,137.63630341738462,137.63630341738462,138.26124816713855,1,0.6149740838445723,None,1,0.6149740838445723,138.26134783308953,138.27410191716626,,139.26257779216394,135.18204258335754,,,,,,,,33907,001,2025-12-01_14h21.23.211,regret_experiment,,2025.1.1,74.05000790453217,1,0.2,0.5,0.7,2025-12-01 14h21.30.105028 -0800,
26,0,26,up,1.2636150829494,None,None,,,26,0,26,0,139.27537087537348,,,,,,,,,139.2631132081151,139.27537087537348,0.0018192501738667488,140.25946987513453,27,1,0.2,0.5,0.7,140.25979400007054,140.27576466696337,140.27576466696337,140.27576466696337,140.27576466696337,141.5413302499801,up,1.2636150829494,None,up,1.2636150829494,0.5,1,141.55406670831144,141.55866220826283,141.55866220826283,141.55866220826283,141.55866220826283,143.55577425006777,143.5563140832819,,,,,,143.55634845793247,None,,,NA,NA,143.55642091715708,143.5664172079414,144.56972300028428,144.55348241701722,140.27576466696337,,,,,,,,33907,001,2025-12-01_14h21.23.211,regret_experiment,,2025.1.1,74.05000790453217,1,0.2,0.5,0.7,2025-12-01 14h21.30.105028 -0800,
27,0,27,left,0.9302493338473141,None,None,,,27,0,27,0,144.56972300028428,,,,,,,,,144.5539276250638,144.56972300028428,0.013384040910750628,145.55319612519816,28,1,0.2,0.5,0.7,145.55347620835528,145.56934762513265,145.56934762513265,145.56934762513265,145.56934762513265,146.50170966703445,left,0.9302493338473141,None,left,0.9302493338473141,0.2,1,146.51434208313003,146.51881837518886,146.51881837518886,146.51881837518886,146.51881837518886,148.50361579237506,148.504161500372,,,,,,148.50419604219496,None,,,NA,NA,148.5042671249248,148.51365758292377,149.51425016717985,149.50071087526157,145.56934762513265,,,,,,,,33907,001,2025-12-01_14h21.23.211,regret_experiment,,2025.1.1,74.05000790453217,1,0.2,0.5,0.7,2025-12-01 14h21.30.105028 -0800,
28,0,28,right,0.6312945843674242,None,None,,,28,0,28,0,149.51425016717985,,,,,,,,,149.50116800004616,149.51425016717985,0.010074249934405088,150.50265145814046,29,1,0.2,0.5,0.7,150.5029837503098,150.51275758305565,150.51275758305565,150.51275758305565,150.51275758305565,151.14623858314008,right,0.6312945843674242,None,right,0.6312945843674242,0.7,1,151.15857758326456,151.16320300009102,151.16320300009102,151.16320300009102,151.16320300009102,153.15370216732845,153.15422675013542,,,,,,153.1542602502741,None,,,NA,NA,153.15432991692796,153.16668104194105,154.1668697502464,154.15407195826992,150.51275758305565,,,,,,,,33907,001,2025-12-01_14h21.23.211,regret_experiment,,2025.1.1,74.05000790453217,1,0.2,0.5,0.7,2025-12-01 14h21.30.105028 -0800,
29,0,29,right,0.6395557499490678,None,None,,,29,0,29,0,154.1668697502464,,,,,,,,,154.15454483311623,154.1668697502464,0.0002631251700222492,155.15553429210559,30,1,0.2,0.5,0.7,155.1559810829349,155.16687820805237,155.16687820805237,155.16687820805237,155.16687820805237,155.80865158326924,right,0.6395557499490678,None,right,0.6395557499490678,0.7,1,155.82145212497562,155.8264331673272,155.8264331673272,155.8264331673272,155.8264331673272,157.82092895824462,157.8213628749363,,,,,,157.82140791695565,None,,,NA,NA,157.821482708212,157.83527899999171,,158.82185720838606,,,,,,,,,33907,001,2025-12-01_14h21.23.211,regret_experiment,,2025.1.1,74.05000790453217,1,0.2,0.5,0.7,2025-12-01 14h21.30.105028 -0800,
30,0,30,right,0.37818600004538894,None,None,,,30,0,30,0,158.83356470800936,,,,,,,,,158.82240862492472,158.83356470800936,0.0009846659377217293,159.82018891721964,31,1,0.2,0.5,0.7,159.8205629172735,159.83415804198012,159.83415804198012,159.83415804198012,159.83415804198012,160.22201229212806,right,0.37818600004538894,None,right,0.37818600004538894,0.7,1,160.2354242503643,160.23903779219836,160.23903779219836,160.23903779219836,160.23903779219836,162.22234458336607,162.222665166948,,,,,,162.22269212501124,None,,,NA,NA,162.22275620838627,162.2336057079956,163.23378508305177,163.22221341729164,159.83415804198012,162.2336057079956,162.2336057079956,162.2336057079956,162.2336057079956,,,,33907,001,2025-12-01_14h21.23.211,regret_experiment,,2025.1.1,74.05000790453217,1,0.2,0.5,0.7,2025-12-01 14h21.30.105028 -0800,
31,0,31,up,0.33883637515828013,None,None,,,31,0,31,0,163.23378508305177,,,,,,,,,163.22267416724935,163.23378508305177,-3.77497635781765e-05,164.22016504220665,32,1,0.2,0.5,0.7,164.22047004196793,164.23357612499967,164.23357612499967,164.23357612499967,164.23357612499967,164.58312545809895,up,0.33883637515828013,None,up,0.33883637515828013,0.5,0,164.59633495798334,164.59935525013134,164.59935525013134,164.59935525013134,164.59935525013134,166.5947240833193,166.595144583378,,,,,,166.59517550002784,None,,,NA,NA,166.59524454222992,166.60617079213262,167.60873900027946,167.59299208316952,164.23357612499967,,,,,,,,33907,001,2025-12-01_14h21.23.211,regret_experiment,,2025.1.1,74.05000790453217,1,0.2,0.5,0.7,2025-12-01 14h21.30.105028 -0800,
32,0,32,up,0.3478805418126285,None,None,,,32,0,32,0,167.60873900027946,,,,,,,,,167.59347312524915,167.60873900027946,0.013570040930062532,168.595053832978,33,1,0.2,0.5,0.7,168.5953780831769,168.60840854234993,168.60840854234993,168.60840854234993,168.60840854234993,168.9686321252957,up,0.3478805418126285,None,up,0.3478805418126285,0.5,0,168.9819320421666,168.9848390831612,168.9848390831612,168.9848390831612,168.9848390831612,170.96881941705942,170.96923508308828,,,,,,170.96926679229364,None,,,NA,NA,170.9693383332342,170.97972470801324,171.97941579204053,171.968354083132,168.60840854234993,,,,,,,,33907,001,2025-12-01_14h21.23.211,regret_experiment,,2025.1.1,74.05000790453217,1,0.2,0.5,0.7,2025-12-01 14h21.30.105028 -0800,
33,0,33,right,0.3534446251578629,None,None,,,33,0,33,0,171.97941579204053,,,,,,,,,171.96885720826685,171.97941579204053,-0.0004314580000936985,172.96880399994552,34,1,0.2,0.5,0.7,172.96916125016287,172.97895445814356,172.97895445814356,172.97895445814356,172.97895445814356,173.34181437501684,right,0.3534446251578629,None,right,0.3534446251578629,0.7,1,173.3555534579791,173.35851191729307,173.35851191729307,173.35851191729307,173.35851191729307,175.3416384169832,175.34200216736645,,,,,,175.34203316736966,None,,,NA,NA,175.34210654208437,175.3544295830652,176.35539000015706,176.33996775001287,172.97895445814356,175.3544295830652,175.3544295830652,175.3544295830652,175.3544295830652,,,,33907,001,2025-12-01_14h21.23.211,regret_experiment,,2025.1.1,74.05000790453217,1,0.2,0.5,0.7,2025-12-01 14h21.30.105028 -0800,
34,0,34,up,0.6559212091378868,None,None,,,34,0,34,0,176.35539000015706,,,,,,,,,176.34039400005713,176.35539000015706,0.013364249840378761,177.3427095003426,35,1,0.2,0.5,0.7,177.34310220833868,177.35534500004724,177.35534500004724,177.35534500004724,177.35534500004724,178.02219587517902,up,0.6559212091378868,None,up,0.6559212091378868,0.5,0,178.03503245813772,178.0386452502571,178.0386452502571,178.0386452502571,178.0386452502571,180.02220470830798,180.0225319173187,,,,,,180.02255866723135,None,,,NA,NA,180.02263150038198,180.03323054220527,181.0336806671694,181.02067933324724,,180.03323054220527,180.03323054220527,180.03323054220527,180.03323054220527,,,,33907,001,2025-12-01_14h21.23.211,regret_experiment,,2025.1.1,74.05000790453217,1,0.2,0.5,0.7,2025-12-01 14h21.30.105028 -0800,
35,0,35,right,0.3070077090524137,None,None,,,35,0,35,0,181.0336806671694,,,,,,,,,181.02105445833877,181.0336806671694,0.01114149997010827,182.0208751251921,36,1,0.2,0.5,0.7,182.0211101672612,182.03328950004652,182.03328950004652,182.03328950004652,182.03328950004652,182.35467266710475,right,0.3070077090524137,None,right,0.3070077090524137,0.7,0,182.3677064171061,182.371573000215,182.371573000215,182.371573000215,182.371573000215,184.35505024995655,184.3554873750545,,,,,,184.35552012501284,None,,,NA,NA,184.3555903751403,184.366371167358,185.3692853753455,185.3529030419886,182.03328950004652,,,,,,,,33907,001,2025-12-01_14h21.23.211,regret_experiment,,2025.1.1,74.05000790453217,1,0.2,0.5,0.7,2025-12-01 14h21.30.105028 -0800,
36,0,36,right,0.5745605840347707,None,None,,,36,0,36,0,185.3692853753455,,,,,,,,,185.35337808309123,185.3692853753455,0.013783624861389399,186.35574333323166,37,1,0.2,0.5,0.7,186.3561903750524,186.36630187509581,186.36630187509581,186.36630187509581,186.36630187509581,186.94319741707295,right,0.5745605840347707,None,right,0.5745605840347707,0.7,1,186.9558585002087,186.95987612521276,186.95987612521276,186.95987612521276,186.95987612521276,188.9523457083851,188.95285387523472,,,,,,188.95289700012654,None,,,NA,NA,188.952979166992,188.96766129229218,,189.95618495810777,,,,,,,,,33907,001,2025-12-01_14h21.23.211,regret_experiment,,2025.1.1,74.05000790453217,1,0.2,0.5,0.7,2025-12-01 14h21.30.105028 -0800,
37,0,37,up,1.1728235832415521,None,None,,,37,0,37,0,189.9688778752461,,,,,,,,,189.95674070809036,189.9688778752461,0.0038139158859848976,190.95296670822427,38,1,0.2,0.5,0.7,190.95327800000086,190.96918966714293,190.96918966714293,190.96918966714293,190.96918966714293,192.15507437521592,up,1.1728235832415521,None,up,1.1728235832415521,0.5,0,192.1683377083391,192.17316074995324,192.17316074995324,192.17316074995324,192.17316074995324,194.15651966724545,194.1570398332551,,,,,,194.1570747080259,None,,,NA,NA,194.15714954212308,194.16637762496248,195.16648491704836,195.1559217502363,190.96918966714293,,,,,,,,33907,001,2025-12-01_14h21.23.211,regret_experiment,,2025.1.1,74.05000790453217,1,0.2,0.5,0.7,2025-12-01 14h21.30.105028 -0800,
38,0,38,right,0.2826299159787595,None,None,,,38,0,38,0,195.16648491704836,,,,,,,,,195.15638425014913,195.16648491704836,-0.0007130000740289688,196.15663312515244,39,1,0.2,0.5,0.7,196.15697675012052,196.16665316699073,196.16665316699073,196.16665316699073,196.16665316699073,196.451496375259,right,0.2826299159787595,None,right,0.2826299159787595,0.7,0,196.4654905423522,196.4701012079604,196.4701012079604,196.4701012079604,196.4701012079604,198.46207416709512,198.46250604232773,,,,,,198.4625377082266,None,,,NA,NA,198.46260704193264,198.4759503332898,199.47293370822445,199.4625131250359,196.16665316699073,,,,,,,,33907,001,2025-12-01_14h21.23.211,regret_experiment,,2025.1.1,74.05000790453217,1,0.2,0.5,0.7,2025-12-01 14h21.30.105028 -0800,
39,0,39,left,0.34959166729822755,None,None,,,39,0,39,0,199.47293370822445,,,,,,,,,199.4629597919993,199.47293370822445,0.00039854180067777634,200.46197995822877,40,1,0.2,0.5,0.7,200.4623091253452,200.47285050014034,200.47285050014034,200.47285050014034,200.47285050014034,200.82452449994162,left,0.34959166729822755,None,left,0.34959166729822755,0.2,0,200.83868662500754,200.84494979213923,200.84494979213923,200.84494979213923,200.84494979213923,202.83566041709855,202.8361356672831,,,,,,202.83616545796394,None,,,NA,NA,202.8362341253087,202.84615012537688,203.845828874968,203.8351604170166,200.47285050014034,,,,,,,,33907,001,2025-12-01_14h21.23.211,regret_experiment,,2025.1.1,74.05000790453217,1,0.2,0.5,0.7,2025-12-01 14h21.30.105028 -0800,
40,0,40,right,0.2623354997485876,None,None,,,40,0,40,0,203.845828874968,,,,,,,,,203.83560654195026,203.845828874968,-0.0005819997750222683,204.83652379224077,41,1,0.2,0.5,0.7,204.8368175830692,204.84608816727996,204.84608816727996,204.84608816727996,204.84608816727996,205.11578175006434,right,0.2623354997485876,None,right,0.2623354997485876,0.7,1,205.12844045832753,205.1331135830842,205.1331135830842,205.1331135830842,205.1331135830842,207.12895654235035,207.12937404215336,,,,,,207.12940795812756,None,,,NA,NA,207.12947862502187,207.13953554211184,208.14015000034124,208.12942508328706,204.84608816727996,,,,,,,,33907,001,2025-12-01_14h21.23.211,regret_experiment,,2025.1.1,74.05000790453217,1,0.2,0.5,0.7,2025-12-01 14h21.30.105028 -0800,
41,0,41,right,0.35774629190564156,None,None,,,41,0,41,0,208.14015000034124,,,,,,,,,208.12986200023443,208.14015000034124,0.0004287092015147209,209.1283932500519,42,1,0.2,0.5,0.7,209.12868620827794,209.1421056673862,209.1421056673862,209.1421056673862,209.1421056673862,209.50199766736478,right,0.35774629190564156,None,right,0.35774629190564156,0.7,0,209.51591570815071,209.52055174997076,209.52055174997076,209.52055174997076,209.52055174997076,211.51497308304533,211.51548791723326,,,,,,211.51551987510175,None,,,NA,NA,211.51558725023642,211.52616604231298,,212.5161734172143,209.1421056673862,,,,,,,,33907,001,2025-12-01_14h21.23.211,regret_experiment,,2025.1.1,74.05000790453217,1,0.2,0.5,0.7,2025-12-01 14h21.30.105028 -0800,
42,0,42,up,0.683966750279069,None,None,,,42,0,42,0,212.52631837502122,,,,,,,,,212.51679733302444,212.52631837502122,0.0012585422955453396,213.5137301669456,43,1,0.2,0.5,0.7,213.51405716734007,213.5281332922168,213.5281332922168,213.5281332922168,213.5281332922168,214.22135479236022,up,0.683966750279069,None,up,0.683966750279069,0.5,1,214.23381208302453,214.2383517920971,214.2383517920971,214.2383517920971,214.2383517920971,216.23567395797,216.23605679208413,,,,,,216.23608779208735,None,,,NA,NA,216.23615666711703,216.24622391723096,217.24797608330846,217.2337146671489,213.5281332922168,,,,,,,,33907,001,2025-12-01_14h21.23.211,regret_experiment,,2025.1.1,74.05000790453217,1,0.2,0.5,0.7,2025-12-01 14h21.30.105028 -0800,
43,0,43,left,0.3231349168345332,None,None,,,43,0,43,0,217.24797608330846,,,,,,,,,217.2341775423847,217.24797608330846,0.0119012501090765,218.23643816728145,44,1,0.2,0.5,0.7,218.23675124999136,218.24910283321515,218.24910283321515,218.24910283321515,218.24910283321515,218.5816890001297,left,0.3231349168345332,None,left,0.3231349168345332,0.2,0,218.5953164580278,218.60001287516207,218.60001287516207,218.60001287516207,218.60001287516207,220.59636308299378,220.5968072921969,,,,,,220.59684025030583,None,,,NA,NA,220.59690829226747,220.60871562501416,221.60642754193395,221.59677125001326,218.24910283321515,,,,,,,,33907,001,2025-12-01_14h21.23.211,regret_experiment,,2025.1.1,74.05000790453217,1,0.2,0.5,0.7,2025-12-01 14h21.30.105028 -0800,
44,0,44,up,0.3707767091691494,None,None,,,44,0,44,0,221.60642754193395,,,,,,,,,221.5972493751906,221.60642754193395,0.00038895802572369576,222.5951182921417,45,1,0.2,0.5,0.7,222.5954455831088,222.6086504580453,222.6086504580453,222.6086504580453,222.6086504580453,222.98140187514946,up,0.3707767091691494,None,up,0.3707767091691494,0.5,0,222.99487362522632,222.9995868750848,222.9995868750848,222.9995868750848,222.9995868750848,224.9961111252196,224.99655183311552,,,,,,224.99658325035125,None,,,NA,NA,224.99665258312598,225.008624792099,226.00640016701072,225.9936106670648,222.6086504580453,,,,,,,,33907,001,2025-12-01_14h21.23.211,regret_experiment,,2025.1.1,74.05000790453217,1,0.2,0.5,0.7,2025-12-01 14h21.30.105028 -0800,
45,0,45,right,0.3387010833248496,None,None,,,45,0,45,0,226.00640016701072,,,,,,,,,225.99407008336857,226.00640016701072,0.009840541984885931,226.9929646672681,46,1,0.2,0.5,0.7,226.99329904234037,227.00901608308777,227.00901608308777,227.00901608308777,227.00901608308777,227.35783420829102,right,0.3387010833248496,None,right,0.3387010833248496,0.7,1,227.37012524995953,227.37471375009045,227.37471375009045,227.37471375009045,227.37471375009045,229.3669359581545,229.3672800422646,,,,,,229.36731212493032,None,,,NA,NA,229.36738070799038,229.38255874998868,,230.36959137534723,227.00901608308777,,,,,,,,33907,001,2025-12-01_14h21.23.211,regret_experiment,,2025.1.1,74.05000790453217,1,0.2,0.5,0.7,2025-12-01 14h21.30.105028 -0800,
46,0,46,right,1.0017725001089275,None,None,,,46,0,46,0,230.37985791731626,,,,,,,,,230.37016008328646,230.37985791731626,0.002828333992511034,231.3670005002059,47,1,0.2,0.5,0.7,231.3673009169288,231.38065612502396,231.38065612502396,231.38065612502396,231.38065612502396,232.38446145830676,right,1.0017725001089275,None,right,1.0017725001089275,0.7,1,232.39677379233763,232.40125429211184,232.40125429211184,232.40125429211184,232.40125429211184,234.39434345811605,234.39482525037602,,,,,,234.3948567919433,None,,,NA,NA,234.3949292502366,234.40843141730875,,235.39634229196236,231.38065612502396,,,,,,,,33907,001,2025-12-01_14h21.23.211,regret_experiment,,2025.1.1,74.05000790453217,1,0.2,0.5,0.7,2025-12-01 14h21.30.105028 -0800,
47,0,47,right,0.2778468751348555,None,None,,,47,0,47,0,235.40785495797172,,,,,,,,,235.39689329219982,235.40785495797172,0.0020140409469604492,236.39451254205778,48,1,0.2,0.5,0.7,236.3948000422679,236.40852666692808,236.40852666692808,236.40852666692808,236.40852666692808,236.68846541736275,right,0.2778468751348555,None,right,0.2778468751348555,0.7,1,236.7012361669913,236.7158451671712,236.7158451671712,236.7158451671712,236.7158451671712,238.70028404193,238.70070462534204,,,,,,238.70073666702956,None,,,NA,NA,238.70080412505195,238.71238075010478,,239.7025922080502,236.40852666692808,,,,,,,,33907,001,2025-12-01_14h21.23.211,regret_experiment,,2025.1.1,74.05000790453217,1,0.2,0.5,0.7,2025-12-01 14h21.30.105028 -0800,
48,0,48,right,0.3368797907605767,None,None,,,48,0,48,0,239.71288133319467,,,,,,,,,239.7031130003743,239.71288133319467,0.002356292214244604,240.70012674992904,49,1,0.2,0.5,0.7,240.70044500008225,240.71498770825565,240.71498770825565,240.71498770825565,240.71498770825565,241.06344654224813,right,0.3368797907605767,None,right,0.3368797907605767,0.7,1,241.07569216703996,241.0802423330024,241.0802423330024,241.0802423330024,241.0802423330024,243.0725911250338,243.07305587502196,,,,,,243.0730903330259,None,,,NA,NA,243.07316195825115,243.0891329171136,,244.07503070821986,240.71498770825565,,,,,,,,33907,001,2025-12-01_14h21.23.211,regret_experiment,,2025.1.1,74.05000790453217,1,0.2,0.5,0.7,2025-12-01 14h21.30.105028 -0800,
49,0,49,right,0.40063883271068335,None,None,,,49,0,49,0,244.08587570814416,,,,,,,,,244.07558312499896,244.08587570814416,0.0024704579263925552,245.0734631670639,50,1,0.2,0.5,0.7,245.0739009170793,245.08832425018772,245.08832425018772,245.08832425018772,245.08832425018772,245.4909960422665,right,0.40063883271068335,None,right,0.40063883271068335,0.7,1,245.50344204204157,245.50789945805445,245.50789945805445,245.50789945805445,245.50789945805445,247.50219700019807,247.50259141717106,,,,,,247.50262387515977,None,,,NA,NA,247.50269900029525,247.51481075026095,248.51547587523237,248.5005854582414,245.08832425018772,,,,,,,,33907,001,2025-12-01_14h21.23.211,regret_experiment,,2025.1.1,74.05000790453217,1,0.2,0.5,0.7,2025-12-01 14h21.30.105028 -0800,
50,0,50,right,0.31504100002348423,None,None,,,50,0,50,0,248.51547587523237,,,,,,,,,248.5010599172674,248.51547587523237,0.012865582946687937,249.50037154229358,51,1,0.2,0.5,0.7,249.5006941249594,249.51255837501958,249.51255837501958,249.51255837501958,249.51255837501958,249.8352743750438,right,0.31504100002348423,None,right,0.31504100002348423,0.7,1,249.84788270806894,249.85245033307,249.85245033307,249.85245033307,249.85245033307,251.83554987516254,251.83604891737923,,,,,,251.8360895421356,None,,,NA,NA,251.83616570802405,251.84616587497294,252.8463054583408,252.83659841725603,249.51255837501958,,,,,,,,33907,001,2025-12-01_14h21.23.211,regret_experiment,,2025.1.1,74.05000790453217,1,0.2,0.5,0.7,2025-12-01 14h21.30.105028 -0800,
51,0,51,right,0.3326645833440125,None,None,,,51,0,51,0,252.8463054583408,,,,,,,,,252.83708054199815,252.8463054583408,0.0009631672874093056,253.8350392919965,52,1,0.2,0.5,0.7,253.83535512536764,253.8475241670385,253.8475241670385,253.8475241670385,253.8475241670385,254.19812587508932,right,0.3326645833440125,None,right,0.3326645833440125,0.7,1,254.21059491718188,254.21551225008443,254.21551225008443,254.21551225008443,254.21551225008443,256.20979137532413,256.2101730001159,,,,,,256.21020308323205,None,,,NA,NA,256.21026745811105,256.2202518749982,257.21951912529767,257.2100073751062,253.8475241670385,,,,,,,,33907,001,2025-12-01_14h21.23.211,regret_experiment,,2025.1.1,74.05000790453217,1,0.2,0.5,0.7,2025-12-01 14h21.30.105028 -0800,
52,0,52,right,0.24007912492379546,None,None,,,52,0,52,0,257.21951912529767,,,,,,,,,257.21044991724193,257.21951912529767,0.00022720778360962868,258.20657308306545,53,1,0.2,0.5,0.7,258.2068885001354,258.22178325010464,258.22178325010464,258.22178325010464,258.22178325010464,258.4639412499964,right,0.24007912492379546,None,right,0.24007912492379546,0.7,1,258.47660362534225,258.481416542083,258.481416542083,258.481416542083,258.481416542083,260.4752407502383,260.4756480832584,,,,,,260.475684333127,None,,,NA,NA,260.47575912531465,260.48609570832923,261.4860597499646,261.4737282502465,258.22178325010464,,,,,,,,33907,001,2025-12-01_14h21.23.211,regret_experiment,,2025.1.1,74.05000790453217,1,0.2,0.5,0.7,2025-12-01 14h21.30.105028 -0800,
53,0,53,right,0.30125529086217284,None,None,,,53,0,53,0,261.4860597499646,,,,,,,,,261.4741657082923,261.4860597499646,0.010396750178188086,262.4753346252255,54,1,0.2,0.5,0.7,262.47565854201093,262.4863648330793,262.4863648330793,262.4863648330793,262.4863648330793,262.7949680830352,right,0.30125529086217284,None,right,0.30125529086217284,0.7,1,262.8072350001894,262.8118385421112,262.8118385421112,262.8118385421112,262.8118385421112,264.7957646250725,264.79630166711286,,,,,,264.79633675003424,None,,,NA,NA,264.796409917064,264.8064232082106,265.8084007082507,265.79597833333537,262.4863648330793,,,,,,,,33907,001,2025-12-01_14h21.23.211,regret_experiment,,2025.1.1,74.05000790453217,1,0.2,0.5,0.7,2025-12-01 14h21.30.105028 -0800,
54,0,54,right,0.29134716698899865,None,None,,,54,0,54,0,265.8084007082507,,,,,,,,,265.7964388751425,265.8084007082507,8.00001434981823e-05,266.79269025009125,55,1,0.2,0.5,0.7,266.79297104198486,266.80822762520984,266.80822762520984,266.80822762520984,266.80822762520984,267.1018373752013,right,0.29134716698899865,None,right,0.29134716698899865,0.7,0,267.11545516736805,267.1204187083058,267.1204187083058,267.1204187083058,267.1204187083058,269.1020304169506,269.1024613333866,,,,,,269.10249366704375,None,,,NA,NA,269.102563417051,269.11259137513116,270.1136747500859,270.10038275038823,266.80822762520984,,,,,,,,33907,001,2025-12-01_14h21.23.211,regret_experiment,,2025.1.1,74.05000790453217,1,0.2,0.5,0.7,2025-12-01 14h21.30.105028 -0800,
55,0,55,up,0.36289491690695286,None,None,,,55,0,55,0,270.1136747500859,,,,,,,,,270.10079583292827,270.1136747500859,0.011197417043149471,271.10057779215276,56,1,0.2,0.5,0.7,271.1008777082898,271.11276466725394,271.11276466725394,271.11276466725394,271.11276466725394,271.477639333345,up,0.36289491690695286,None,up,0.36289491690695286,0.5,0,271.49161008326337,271.4961916669272,271.4961916669272,271.4961916669272,271.4961916669272,273.48863583337516,273.4890485419892,,,,,,273.4890792919323,None,,,NA,NA,273.48914804216474,273.50001608300954,274.50007020821795,274.48859062511474,271.11276466725394,,,,,,,,33907,001,2025-12-01_14h21.23.211,regret_experiment,,2025.1.1,74.05000790453217,1,0.2,0.5,0.7,2025-12-01 14h21.30.105028 -0800,
56,0,56,right,0.3281126660294831,None,None,,,56,0,56,0,274.50007020821795,,,,,,,,,274.48900524992496,274.50007020821795,-9.558303281664848e-05,275.48895025020465,57,1,0.2,0.5,0.7,275.4892808329314,275.4999913331121,275.4999913331121,275.4999913331121,275.4999913331121,275.83769529219717,right,0.3281126660294831,None,right,0.3281126660294831,0.7,0,275.8511340422556,275.85548529215157,275.85548529215157,275.85548529215157,275.85548529215157,277.84627683321014,277.8467470421456,,,,,,277.8467815001495,None,,,NA,NA,277.84685433330014,277.86309362528846,,278.8491994580254,275.4999913331121,,,,,,,,33907,001,2025-12-01_14h21.23.211,regret_experiment,,2025.1.1,74.05000790453217,1,0.2,0.5,0.7,2025-12-01 14h21.30.105028 -0800,
57,0,57,left,0.3202740838751197,None,None,,,57,0,57,0,278.85935616726056,,,,,,,,,278.8497486249544,278.85935616726056,0.0029469579458236694,279.8494180832058,58,1,0.2,0.5,0.7,279.8498816671781,279.85955570824444,279.85955570824444,279.85955570824444,279.85955570824444,280.194388625212,left,0.3202740838751197,None,left,0.3202740838751197,0.2,1,280.20646720798686,280.2111864173785,280.2111864173785,280.2111864173785,280.2111864173785,282.1955199171789,282.19595216726884,,,,,,282.1959947082214,None,,,NA,NA,282.1960665830411,282.2061851671897,283.20831112517044,283.1933706253767,,,,,,,,,33907,001,2025-12-01_14h21.23.211,regret_experiment,,2025.1.1,74.05000790453217,1,0.2,0.5,0.7,2025-12-01 14h21.30.105028 -0800,
58,0,58,up,0.3576223333366215,None,None,,,58,0,58,0,283.20831112517044,,,,,,,,,283.1938498332165,283.20831112517044,0.012336791958659887,284.19440466724336,59,1,0.2,0.5,0.7,284.194721583277,284.20982554228976,284.20982554228976,284.20982554228976,284.20982554228976,284.56943220831454,up,0.3576223333366215,None,up,0.3576223333366215,0.5,0,284.58284116722643,284.5857967501506,284.5857967501506,284.5857967501506,284.5857967501506,286.56901008309796,286.5693298331462,,,,,,286.56935629202053,None,,,NA,NA,286.56942312512547,286.5793532500975,287.5800812081434,287.5691776671447,284.20982554228976,286.5793532500975,286.5793532500975,286.5793532500975,286.5793532500975,,,,33907,001,2025-12-01_14h21.23.211,regret_experiment,,2025.1.1,74.05000790453217,1,0.2,0.5,0.7,2025-12-01 14h21.30.105028 -0800,
59,0,59,right,0.615852375049144,None,None,,,59,0,59,0,287.5800812081434,,,,,,,,,287.5696590002626,287.5800812081434,0.0002822503447532654,288.5669406671077,60,1,0.2,0.5,0.7,288.56741920812055,288.57960441708565,288.57960441708565,288.57960441708565,288.57960441708565,289.1978979171254,right,0.615852375049144,None,right,0.615852375049144,0.7,1,289.2100565000437,289.2137630423531,289.2137630423531,289.2137630423531,289.2137630423531,291.2066367920488,291.2070326670073,,,,,,291.20706616714597,None,,,NA,NA,291.2071335003711,291.22304112510756,,292.209664542228,288.57960441708565,,,,,,,,33907,001,2025-12-01_14h21.23.211,regret_experiment,,2025.1.1,74.05000790453217,1,0.2,0.5,0.7,2025-12-01 14h21.30.105028 -0800,
,,,,,,,,,,,,,,,,,,,,,,,,,,,,,,,,,,,,,,,,,,,,,,,,,,,,,,,,,,,,,,,,,,,,,,,N/A,292.2207597922534,292.2233698749915,,,,,,,,,,,,,
